{"cameraMode":{"drawMode":0,"name":"Shaded","section":"Shading Mode"},"sceneLighting":true,"audioPlay":false,"sceneViewState":{"showFog":true,"showMaterialUpdate":false,"showSkybox":true,"showFlares":true,"showImageEffects":true,"showParticleSystems":true},"in2DMode":false,"pivot":{"x":0.09457412362098694,"y":0.18505388498306275,"z":1.1500000953674317},"rotation":{"x":0.011993157677352429,"y":-0.032991424202919009,"z":0.00039577012648805976,"w":0.9993846416473389},"size":0.0005235671997070313,"orthographic":false}